parlaid	frakciótagság	frakció neve	from	to
AghPeter	deputyHead	parliamentaryGroup.Fidesz.7	2014-07-04	2015-11-01
AghPeter	member	parliamentaryGroup.Fidesz.7	2014-05-06	2018-05-07
AghPeter	member	parliamentaryGroup.Fidesz.8	2018-05-08	2022-05-01
AghPeter	member	parliamentaryGroup.Fidesz.9	2022-05-02	
AnderBalazs	member	parliamentaryGroup.JOBBIK.7	2014-05-06	2018-05-07
AnderBalazs	member	parliamentaryGroup.JOBBIK.8	2018-05-08	2022-05-01
ApatiIstvan	member	parliamentaryGroup.JOBBIK.7	2014-05-06	2018-05-07
ApatiIstvan	member	parliamentaryGroup.JOBBIK.8	2018-05-08	2018-10-08
ApatiIstvan	deputyHead	parliamentaryGroup.MiHazank.9	2022-05-02	
ApatiIstvan	member	parliamentaryGroup.MiHazank.9	2022-05-02	
AradszkiAndras	member	parliamentaryGroup.KDNP.7	2014-05-06	2018-05-07
AradszkiAndras	deputyHead	parliamentaryGroup.KDNP.7	2014-05-06	2014-06-14
AradszkiAndras	member	parliamentaryGroup.KDNP.8	2018-05-08	2022-05-01
AradszkiAndras	deputyHead	parliamentaryGroup.KDNP.8	2018-06-04	2022-05-01
AradszkiAndras	member	parliamentaryGroup.KDNP.9	2022-05-02	
AratoGergely	deputyHead	parliamentaryGroup.DK.8	2018-05-08	2022-05-01
AratoGergely	member	parliamentaryGroup.DK.8	2018-05-08	2022-05-01
AratoGergely	deputyHead	parliamentaryGroup.DK.9	2022-05-02	
AratoGergely	member	parliamentaryGroup.DK.9	2022-05-02	
BajkaiIstvan	member	parliamentaryGroup.Fidesz.8	2018-05-08	2022-05-01
BajkaiIstvan	member	parliamentaryGroup.Fidesz.9	2022-05-02	
BakosBernadett	member	parliamentaryGroup.LMP.9	2022-05-02	
BalassaPeter	member	parliamentaryGroup.JOBBIK.9	2022-05-02	
BalczoZoltan	member	parliamentaryGroup.JOBBIK.7	2014-05-06	2014-06-20
BalczoZoltan	member	parliamentaryGroup.JOBBIK.8	2019-07-08	2022-05-01
BallaGyorgy	deputyHead	parliamentaryGroup.Fidesz.7	2014-05-06	2018-05-07
BallaGyorgy	member	parliamentaryGroup.Fidesz.7	2014-05-06	2018-05-07
BallaGyorgy	deputyHead	parliamentaryGroup.Fidesz.8	2018-05-08	2022-05-01
BallaGyorgy	member	parliamentaryGroup.Fidesz.8	2018-05-08	2022-05-01
BallaGyorgy	deputyHead	parliamentaryGroup.Fidesz.9	2022-05-02	
BallaGyorgy	member	parliamentaryGroup.Fidesz.9	2022-05-02	
BallaMihaly	deputyHead	parliamentaryGroup.Fidesz.7	2014-05-06	2015-11-01
BallaMihaly	member	parliamentaryGroup.Fidesz.7	2014-05-06	2018-05-07
BallaMihaly	member	parliamentaryGroup.Fidesz.8	2018-05-08	2022-05-01
BallaMihaly	member	parliamentaryGroup.Fidesz.9	2022-05-02	
BalogZoltan	member	parliamentaryGroup.Fidesz.7	2014-05-06	2018-05-07
BalogZoltan	member	parliamentaryGroup.Fidesz.8	2018-05-08	2018-10-17
BanaTibor	member	parliamentaryGroup.JOBBIK.7	2014-05-06	2018-05-07
BanaTibor	member	parliamentaryGroup.JOBBIK.8	2018-05-08	2020-03-02
BangoneBorbelyIldiko	member	parliamentaryGroup.MSZP.7	2014-05-06	2018-05-07
BangoneBorbelyIldiko	deputyHead	parliamentaryGroup.MSZP.8	2018-05-08	2019-06-13
BangoneBorbelyIldiko	member	parliamentaryGroup.MSZP.8	2018-05-08	2022-05-01
BankiErik	member	parliamentaryGroup.Fidesz.7	2014-05-06	2018-05-07
BankiErik	deputyHead	parliamentaryGroup.Fidesz.7	2014-05-06	2015-11-01
BankiErik	deputyHead	parliamentaryGroup.Fidesz.8	2018-05-08	2022-05-01
BankiErik	member	parliamentaryGroup.Fidesz.8	2018-05-08	2022-05-01
BankiErik	deputyHead	parliamentaryGroup.Fidesz.9	2022-05-02	
BankiErik	member	parliamentaryGroup.Fidesz.9	2022-05-02	
BanyaiGabor	member	parliamentaryGroup.Fidesz.7	2014-05-06	2018-05-07
BanyaiGabor	member	parliamentaryGroup.Fidesz.8	2018-05-08	2022-05-01
BanyaiGabor	member	parliamentaryGroup.Fidesz.9	2022-05-02	
BarandyGergely	member	parliamentaryGroup.MSZP.7	2014-05-06	2018-05-07
BarczaAttila	member	parliamentaryGroup.Fidesz.8	2018-05-08	2022-05-01
BarczaAttila	member	parliamentaryGroup.Fidesz.9	2022-05-02	
BarkocziBalazs	member	parliamentaryGroup.DK.9	2022-05-02	
BartosMonika	member	parliamentaryGroup.Fidesz.7	2014-05-06	2018-05-07
BartosMonika	member	parliamentaryGroup.Fidesz.8	2018-05-08	2022-05-01
BartosMonika	member	parliamentaryGroup.Fidesz.9	2022-05-02	
BecsoKaroly	member	parliamentaryGroup.Fidesz.8	2018-05-08	2022-05-01
BecsoZsolt	member	parliamentaryGroup.Fidesz.7	2014-05-06	2018-05-07
BecsoZsolt	member	parliamentaryGroup.Fidesz.8	2018-05-08	2022-05-01
BecsoZsolt	member	parliamentaryGroup.Fidesz.9	2022-05-02	
BedoDavid	member	parliamentaryGroup.Momentum.9	2022-05-02	
BedoDavid	deputyHead	parliamentaryGroup.Momentum.9	2022-05-02	
BencsikJanos	deputyHead	parliamentaryGroup.Fidesz.7	2014-07-04	2015-11-01
BencsikJanos	member	parliamentaryGroup.Fidesz.7	2014-05-06	2018-05-07
BencsikJanos	member	parliamentaryGroup.Fidesz.8	2018-05-08	2022-05-01
BencsikJanos	member	parliamentaryGroup.Fidesz.9	2022-05-02	
BenczeJanos	member	parliamentaryGroup.JOBBIK.9	2022-05-02	
BeneIldiko	member	parliamentaryGroup.Fidesz.7	2014-05-06	2018-05-07
BerkiSandor	member	parliamentaryGroup.Parbeszed.9	2022-05-02	
BNagyLaszlo	member	parliamentaryGroup.Fidesz.7	2014-05-06	2018-05-07
BNagyLaszlo	member	parliamentaryGroup.Fidesz.8	2018-05-08	2022-05-01
BodoSandor	member	parliamentaryGroup.Fidesz.7	2014-05-06	2018-05-07
BodoSandor	deputyHead	parliamentaryGroup.Fidesz.7	2014-05-06	2014-07-03
BodoSandor	member	parliamentaryGroup.Fidesz.8	2018-05-08	2022-05-01
BodoSandor	member	parliamentaryGroup.Fidesz.9	2022-05-02	
BoldogIstvan	deputyHead	parliamentaryGroup.Fidesz.7	2014-05-06	2014-07-03
BoldogIstvan	member	parliamentaryGroup.Fidesz.7	2014-05-06	2018-05-07
BoldogIstvan	member	parliamentaryGroup.Fidesz.8	2018-05-08	2022-05-01
BonaZoltan	deputyHead	parliamentaryGroup.Fidesz.7	2017-10-02	2018-05-07
BonaZoltan	member	parliamentaryGroup.Fidesz.7	2014-05-06	2018-05-07
BonaZoltan	member	parliamentaryGroup.Fidesz.8	2018-05-08	2022-05-01
BonaZoltan	deputyHead	parliamentaryGroup.Fidesz.8	2018-05-08	2022-05-01
BonaZoltan	member	parliamentaryGroup.Fidesz.9	2022-05-02	
BoroczLaszlo	deputyHead	parliamentaryGroup.Fidesz.8	2018-10-29	2022-05-01
BoroczLaszlo	member	parliamentaryGroup.Fidesz.8	2018-05-08	2022-05-01
BoszAnett	member	parliamentaryGroup.DK.8	2019-12-09	2022-05-01
BoszAnett	deputyHead	parliamentaryGroup.DK.8	2020-02-11	2022-05-01
BoszAnett	deputyHead	parliamentaryGroup.Parbeszed.8	2018-05-08	2018-05-18
BoszAnett	member	parliamentaryGroup.Parbeszed.8	2018-05-08	2018-05-18
BrennerKoloman	member	parliamentaryGroup.JOBBIK.8	2018-05-08	2022-05-01
BrennerKoloman	deputyHead	parliamentaryGroup.JOBBIK.8	2018-12-10	2020-06-04
BrennerKoloman	member	parliamentaryGroup.JOBBIK.9	2022-05-02	
BrennerKoloman	deputyHead	parliamentaryGroup.JOBBIK.9	2022-05-02	
BudaiGyula	member	parliamentaryGroup.Fidesz.7	2014-05-06	2018-05-07
BudaiGyula	member	parliamentaryGroup.Fidesz.8	2018-10-29	2022-05-01
BudaiGyula	member	parliamentaryGroup.Fidesz.9	2022-05-02	
BuranySandor	member	parliamentaryGroup.MSZP.7	2014-05-06	2018-05-07
BuranySandor	deputyHead	parliamentaryGroup.MSZP.7	2016-07-06	2018-05-07
BuranySandor	deputyHead	parliamentaryGroup.Parbeszed.8	2018-05-08	2022-05-01
BuranySandor	member	parliamentaryGroup.Parbeszed.8	2018-05-08	2022-05-01
CsanyiTamas	member	parliamentaryGroup.JOBBIK.8	2019-02-18	2022-05-01
CsanyiTamas	deputyHead	parliamentaryGroup.JOBBIK.8	2020-06-05	2022-05-01
CsardiAntal	member	parliamentaryGroup.LMP.9	2022-05-02	
CsardiAntal	deputyHead	parliamentaryGroup.LMP.8	2018-09-16	2022-05-01
CsardiAntal	member	parliamentaryGroup.LMP.8	2018-05-08	2022-05-01
CsardiAntal	deputyHead	parliamentaryGroup.LMP.9	2022-05-02	
Csenger-ZalanZsolt	member	parliamentaryGroup.Fidesz.7	2014-05-06	2018-05-07
Csenger-ZalanZsolt	member	parliamentaryGroup.Fidesz.8	2018-05-08	2022-05-01
CseresnyesPeter	member	parliamentaryGroup.Fidesz.7	2014-05-06	2018-05-07
CseresnyesPeter	deputyHead	parliamentaryGroup.Fidesz.7	2014-05-06	2014-07-03
CseresnyesPeter	member	parliamentaryGroup.Fidesz.8	2018-05-08	2022-05-01
CseresnyesPeter	member	parliamentaryGroup.Fidesz.9	2022-05-02	
CsiziPeter	member	parliamentaryGroup.Fidesz.7	2014-05-06	2018-05-07
CsoborKatalin	member	parliamentaryGroup.Fidesz.7	2014-05-06	2018-05-07
CsoborKatalin	member	parliamentaryGroup.Fidesz.8	2018-05-08	2022-05-01
CsoborKatalin	member	parliamentaryGroup.Fidesz.9	2022-05-02	
CzervanGyorgy	member	parliamentaryGroup.Fidesz.7	2014-05-06	2018-05-07
CzervanGyorgy	member	parliamentaryGroup.Fidesz.8	2018-05-08	2022-05-01
CzervanGyorgy	member	parliamentaryGroup.Fidesz.9	2022-05-02	
CzombaSandor	member	parliamentaryGroup.Fidesz.7	2014-05-06	2018-05-07
CzunyineDrBertalanJudit	member	parliamentaryGroup.Fidesz.7	2014-05-06	2018-05-07
CzunyineDrBertalanJudit	member	parliamentaryGroup.Fidesz.8	2018-05-08	2022-05-01
CzunyineDrBertalanJudit	member	parliamentaryGroup.Fidesz.9	2022-05-02	
DankoBela	member	parliamentaryGroup.Fidesz.7	2014-05-06	2018-05-07
DankoBela	member	parliamentaryGroup.Fidesz.8	2018-05-08	2022-05-01
DankoBela	member	parliamentaryGroup.Fidesz.9	2022-05-02	
DavidFerenc	member	parliamentaryGroup.DK.9	2022-05-02	
DemeterMarta	member	parliamentaryGroup.LMP.7	2017-09-01	2018-05-07
DemeterMarta	member	parliamentaryGroup.LMP.8	2018-05-08	2022-05-01
DemeterMarta	deputyHead	parliamentaryGroup.LMP.8	2018-05-08	2021-10-17
DemeterMarta	member	parliamentaryGroup.MSZP.7	2014-05-06	2017-01-31
DemeterZoltan	member	parliamentaryGroup.Fidesz.7	2014-05-06	2018-05-07
DemeterZoltan	member	parliamentaryGroup.Fidesz.8	2018-05-08	2022-05-01
DemeterZoltan	member	parliamentaryGroup.Fidesz.9	2022-05-02	
DocsDavid	member	parliamentaryGroup.MiHazank.9	2022-05-02	
DomotorCsaba	member	parliamentaryGroup.Fidesz.8	2018-05-08	2022-05-01
DomotorCsaba	member	parliamentaryGroup.Fidesz.9	2022-05-02	
DudasRobert	member	parliamentaryGroup.JOBBIK.8	2019-11-18	2022-05-01
DunaiMonika	member	parliamentaryGroup.Fidesz.7	2014-05-06	2018-05-07
DunaiMonika	member	parliamentaryGroup.Fidesz.8	2018-05-08	2022-05-01
DunaiMonika	member	parliamentaryGroup.Fidesz.9	2022-05-02	
DunaiMonika	deputyHead	parliamentaryGroup.Fidesz.9	2022-05-02	
DuroDora	member	parliamentaryGroup.JOBBIK.7	2014-05-06	2018-05-07
DuroDora	deputyHead	parliamentaryGroup.JOBBIK.7	2015-10-12	2016-12-11
DuroDora	member	parliamentaryGroup.JOBBIK.8	2018-05-08	2018-05-29
DuroDora	member	parliamentaryGroup.MiHazank.9	2022-05-02	
EgyedZsolt	member	parliamentaryGroup.JOBBIK.7	2014-05-06	2018-05-07
FarkasFlorian	deputyHead	parliamentaryGroup.Fidesz.7	2014-07-04	2015-11-01
FarkasFlorian	member	parliamentaryGroup.Fidesz.7	2014-05-06	2018-05-07
FarkasGergely	member	parliamentaryGroup.JOBBIK.7	2014-05-06	2018-05-07
FarkasGergely	deputyHead	parliamentaryGroup.JOBBIK.7	2014-05-06	2018-05-07
FarkasGergely	member	parliamentaryGroup.JOBBIK.8	2018-05-08	2020-05-27
FarkasGergely	deputyHead	parliamentaryGroup.JOBBIK.8	2018-05-08	2020-05-27
FarkasSandor	member	parliamentaryGroup.Fidesz.7	2014-05-06	2018-05-07
FarkasSandor	member	parliamentaryGroup.Fidesz.8	2018-05-08	2022-05-01
FarkasSandor	member	parliamentaryGroup.Fidesz.9	2022-05-02	
FazekasSandor	member	parliamentaryGroup.Fidesz.7	2014-05-06	2018-05-07
FazekasSandor	member	parliamentaryGroup.Fidesz.8	2018-05-08	2022-05-01
FazekasSandor	member	parliamentaryGroup.Fidesz.9	2022-05-02	
FeketeGyorAndras	member	parliamentaryGroup.Momentum.9	2022-05-02	
FenyvesiZoltan	member	parliamentaryGroup.Fidesz.8	2018-05-08	2022-05-01
FirtlMatyas	member	parliamentaryGroup.KDNP.7	2014-05-06	2018-05-07
FKovacsSandor	member	parliamentaryGroup.Fidesz.8	2018-05-08	2022-05-01
FKovacsSandor	member	parliamentaryGroup.Fidesz.9	2022-05-02	
FoldiLaszlo	member	parliamentaryGroup.KDNP.7	2014-05-06	2018-05-07
FoldiLaszlo	member	parliamentaryGroup.KDNP.8	2018-05-08	2022-05-01
FoldiLaszlo	member	parliamentaryGroup.KDNP.9	2022-05-02	
FonagyJanos	member	parliamentaryGroup.Fidesz.7	2014-05-06	2018-05-07
FonagyJanos	member	parliamentaryGroup.Fidesz.8	2018-05-08	2022-05-01
FonagyJanos	member	parliamentaryGroup.Fidesz.9	2022-05-02	
FontSandor	member	parliamentaryGroup.Fidesz.7	2014-05-06	2018-05-07
FontSandor	deputyHead	parliamentaryGroup.Fidesz.7	2014-05-06	2015-11-01
FontSandor	member	parliamentaryGroup.Fidesz.8	2018-05-08	2022-05-01
FontSandor	member	parliamentaryGroup.Fidesz.9	2022-05-02	
FontSandor	deputyHead	parliamentaryGroup.Fidesz.9	2022-05-02	
FulopErik	member	parliamentaryGroup.JOBBIK.8	2018-05-08	2018-10-08
GaalGergely	member	parliamentaryGroup.KDNP.7	2017-09-18	2018-05-07
GelencserAttila	member	parliamentaryGroup.Fidesz.7	2014-05-06	2018-05-07
GelencserAttila	member	parliamentaryGroup.Fidesz.8	2018-05-08	2022-05-01
GelencserAttila	member	parliamentaryGroup.Fidesz.9	2022-05-02	
GelencserFerenc	member	parliamentaryGroup.Momentum.9	2022-05-02	
GelencserFerenc	head	parliamentaryGroup.Momentum.9	2022-05-02	
GogosZoltan	member	parliamentaryGroup.MSZP.7	2014-10-27	2018-05-07
GreczyZsolt	member	parliamentaryGroup.DK.8	2018-05-08	2019-12-31
GreczyZsolt	member	parliamentaryGroup.DK.9	2022-05-02	
GulyasGergely	member	parliamentaryGroup.Fidesz.7	2014-05-06	2018-05-07
GulyasGergely	deputyHead	parliamentaryGroup.Fidesz.7	2014-05-06	2017-10-01
GulyasGergely	head	parliamentaryGroup.Fidesz.7	2017-10-02	2018-05-07
GulyasGergely	member	parliamentaryGroup.Fidesz.8	2018-05-08	2022-05-01
GulyasGergely	member	parliamentaryGroup.Fidesz.9	2022-05-02	
GurmaiZita	member	parliamentaryGroup.MSZP.8	2018-05-08	2022-05-01
GurmaiZita	deputyHead	parliamentaryGroup.MSZP.8	2019-06-24	2022-05-01
GurmaiZita	member	parliamentaryGroup.MSZP.9	2022-05-02	
GurmaiZita	deputyHead	parliamentaryGroup.MSZP.9	2022-05-02	
GurNandor	member	parliamentaryGroup.MSZP.7	2014-05-06	2018-05-07
GyNemethErzsebet	member	parliamentaryGroup.DK.9	2022-05-02	
GyongyosiMarton	member	parliamentaryGroup.JOBBIK.7	2014-05-06	2018-05-07
GyongyosiMarton	deputyHead	parliamentaryGroup.JOBBIK.7	2014-05-06	2015-10-11
GyongyosiMarton	deputyHead	parliamentaryGroup.JOBBIK.7	2017-02-20	2018-05-07
GyongyosiMarton	member	parliamentaryGroup.JOBBIK.8	2018-05-08	2019-06-25
GyongyosiMarton	head	parliamentaryGroup.JOBBIK.8	2018-05-08	2019-06-25
GyoparosAlpar	member	parliamentaryGroup.Fidesz.7	2014-05-06	2018-05-07
GyoparosAlpar	member	parliamentaryGroup.Fidesz.8	2018-05-08	2022-05-01
GyoparosAlpar	member	parliamentaryGroup.Fidesz.9	2022-05-02	
GyorffyBalazs	member	parliamentaryGroup.Fidesz.7	2014-05-06	2018-05-07
GyorffyBalazs	member	parliamentaryGroup.Fidesz.8	2018-05-08	2022-05-01
GyorffyBalazs	member	parliamentaryGroup.Fidesz.9	2022-05-02	
GyurcsanyFerenc	member	parliamentaryGroup.DK.8	2018-05-08	2022-05-01
GyurcsanyFerenc	head	parliamentaryGroup.DK.8	2018-05-08	2022-05-01
GyurcsanyFerenc	member	parliamentaryGroup.DK.9	2022-05-02	
GyurcsanyFerenc	head	parliamentaryGroup.DK.9	2022-05-02	
GyureCsaba	member	parliamentaryGroup.JOBBIK.7	2014-05-06	2018-05-07
GyureCsaba	member	parliamentaryGroup.JOBBIK.8	2019-04-01	2022-05-01
HadhazyAkos	deputyHead	parliamentaryGroup.LMP.7	2016-10-11	2018-05-07
HadhazyAkos	member	parliamentaryGroup.LMP.7	2016-09-12	2018-05-07
HadhazyAkos	member	parliamentaryGroup.LMP.8	2018-05-08	2018-06-22
HadhazySandor	member	parliamentaryGroup.Fidesz.7	2014-05-06	2018-05-07
HadhazySandor	member	parliamentaryGroup.Fidesz.8	2018-05-08	2022-05-01
HajduLaszlo	member	parliamentaryGroup.DK.8	2018-05-08	2022-05-01
HajnalMiklos	member	parliamentaryGroup.Momentum.9	2022-05-02	
HalaszJanos	member	parliamentaryGroup.Fidesz.7	2014-05-06	2018-05-07
HalaszJanos	deputyHead	parliamentaryGroup.Fidesz.7	2015-11-02	2018-05-07
HalaszJanos	member	parliamentaryGroup.Fidesz.8	2018-05-08	2022-05-01
HalaszJanos	deputyHead	parliamentaryGroup.Fidesz.8	2018-05-08	2022-05-01
HalaszJanos	member	parliamentaryGroup.Fidesz.9	2022-05-02	
HalaszJanos	deputyHead	parliamentaryGroup.Fidesz.9	2022-06-21	
HarangozoGabor	member	parliamentaryGroup.MSZP.7	2014-05-06	2018-05-07
HarangozoTamas	deputyHead	parliamentaryGroup.MSZP.7	2014-05-06	2016-07-05
HarangozoTamas	deputyHead	parliamentaryGroup.MSZP.8	2018-05-08	2022-05-01
HarangozoTamas	deputyHead	parliamentaryGroup.MSZP.9	2022-05-02	
HarangozoTamas	member	parliamentaryGroup.MSZP.7	2014-05-06	2018-05-07
HarangozoTamas	member	parliamentaryGroup.MSZP.8	2018-05-08	2022-05-01
HarangozoTamas	member	parliamentaryGroup.MSZP.9	2022-05-02	
HargitaiJanos	member	parliamentaryGroup.KDNP.7	2014-05-06	2018-05-07
HargitaiJanos	member	parliamentaryGroup.KDNP.8	2018-05-08	2022-05-01
HargitaiJanos	member	parliamentaryGroup.KDNP.9	2022-05-02	
HarrachPeter	member	parliamentaryGroup.KDNP.7	2014-05-06	2018-05-07
HarrachPeter	head	parliamentaryGroup.KDNP.7	2014-05-06	2018-05-07
HarrachPeter	member	parliamentaryGroup.KDNP.8	2018-05-08	2022-05-01
HarrachPeter	head	parliamentaryGroup.KDNP.8	2018-05-08	2020-07-14
HarrachPeter	deputyHead	parliamentaryGroup.KDNP.8	2020-07-15	2022-05-01
HarrachPeter	member	parliamentaryGroup.KDNP.9	2022-05-02	
HarrachPeter	deputyHead	parliamentaryGroup.KDNP.9	2022-05-02	
HegedusAndrea	member	parliamentaryGroup.DK.9	2022-05-02	
HegedusLorantne	member	parliamentaryGroup.JOBBIK.8	2018-05-08	2019-02-26
HegedusLorantne	member	parliamentaryGroup.JOBBIK.7	2014-05-06	2018-05-07
HejjDavid	member	parliamentaryGroup.Fidesz.8	2018-05-08	2022-05-01
HejjDavid	member	parliamentaryGroup.Fidesz.9	2022-05-02	
HendeCsaba	member	parliamentaryGroup.Fidesz.7	2014-05-06	2018-05-07
HendeCsaba	deputyHead	parliamentaryGroup.Fidesz.7	2017-10-02	2018-05-07
HendeCsaba	member	parliamentaryGroup.Fidesz.8	2018-05-08	2022-05-01
HendeCsaba	deputyHead	parliamentaryGroup.Fidesz.8	2018-05-08	2022-05-01
HendeCsaba	member	parliamentaryGroup.Fidesz.9	2022-05-02	
HendeCsaba	deputyHead	parliamentaryGroup.Fidesz.9	2022-05-02	
HerczegTamas	member	parliamentaryGroup.Fidesz.8	2018-05-08	2022-05-01
HerczegTamas	member	parliamentaryGroup.Fidesz.9	2022-05-02	
HerczegZsolt	member	parliamentaryGroup.Fidesz.9	2022-05-02	
HeringesAnita	member	parliamentaryGroup.MSZP.7	2014-05-06	2018-05-07
HillerIstvan	member	parliamentaryGroup.MSZP.7	2014-05-06	2018-05-07
HillerIstvan	member	parliamentaryGroup.MSZP.8	2018-05-08	2022-05-01
HillerIstvan	member	parliamentaryGroup.MSZP.9	2022-05-02	
HirtFerenc	member	parliamentaryGroup.Fidesz.7	2014-05-06	2018-05-07
HirtFerenc	member	parliamentaryGroup.Fidesz.8	2018-05-08	2018-12-07
HiszekenyDezso	member	parliamentaryGroup.MSZP.7	2014-05-06	2018-05-07
HiszekenyDezso	member	parliamentaryGroup.MSZP.8	2018-05-08	2022-05-01
HiszekenyDezso	member	parliamentaryGroup.MSZP.9	2022-05-02	
HoffmannRozsa	member	parliamentaryGroup.KDNP.7	2014-05-06	2018-05-07
HohnKrisztina	member	parliamentaryGroup.LMP.8	2018-06-11	2022-05-01
HollikIstvan	member	parliamentaryGroup.KDNP.7	2014-05-06	2018-05-07
HollikIstvan	member	parliamentaryGroup.KDNP.8	2018-05-08	2022-05-01
HollikIstvan	member	parliamentaryGroup.KDNP.9	2022-05-02	
HoppalPeter	member	parliamentaryGroup.Fidesz.7	2014-05-06	2018-05-07
HoppalPeter	member	parliamentaryGroup.Fidesz.8	2018-05-08	2022-05-01
HoppalPeter	member	parliamentaryGroup.Fidesz.9	2022-05-02	
HorcsikRichard	member	parliamentaryGroup.Fidesz.7	2014-05-06	2018-05-07
HorcsikRichard	deputyHead	parliamentaryGroup.Fidesz.7	2014-05-06	2015-11-01
HorcsikRichard	member	parliamentaryGroup.Fidesz.8	2018-05-08	2022-05-01
HorcsikRichard	member	parliamentaryGroup.Fidesz.9	2022-05-02	
HorvathImre	member	parliamentaryGroup.MSZP.7	2014-12-08	2018-05-07
HorvathIstvan	member	parliamentaryGroup.Fidesz.7	2014-05-06	2018-05-07
HorvathIstvan	member	parliamentaryGroup.Fidesz.8	2018-05-08	2022-05-01
HorvathIstvan	member	parliamentaryGroup.Fidesz.9	2022-05-02	
HorvathLaszlo	member	parliamentaryGroup.Fidesz.7	2014-05-06	2018-05-07
HorvathLaszlo	member	parliamentaryGroup.Fidesz.8	2018-05-08	2022-05-01
HorvathLaszlo	member	parliamentaryGroup.Fidesz.9	2022-05-02	
HubayGyorgy	member	parliamentaryGroup.Fidesz.8	2018-05-08	2022-05-01
IkotityIstvan	member	parliamentaryGroup.LMP.7	2014-05-06	2018-05-07
IllesBoglarka	member	parliamentaryGroup.Fidesz.9	2022-05-02	
JakabIstvan	member	parliamentaryGroup.Fidesz.7	2014-05-06	2018-05-07
JakabIstvan	deputyHead	parliamentaryGroup.Fidesz.7	2014-07-04	2015-11-01
JakabIstvan	member	parliamentaryGroup.Fidesz.8	2018-05-08	2022-05-01
JakabIstvan	member	parliamentaryGroup.Fidesz.9	2022-05-02	
JakabPeter	member	parliamentaryGroup.JOBBIK.8	2018-05-08	2022-05-01
JakabPeter	member	parliamentaryGroup.JOBBIK.9	2022-05-02	
JamborAndrasImre	member	parliamentaryGroup.Parbeszed.9	2022-05-02	
JozsaIstvan	member	parliamentaryGroup.MSZP.7	2014-05-06	2018-05-07
JuhaszHajnalka	member	parliamentaryGroup.KDNP.8	2018-05-08	2022-05-01
JuhaszHajnalka	member	parliamentaryGroup.KDNP.9	2022-05-02	
KallaiMaria	member	parliamentaryGroup.Fidesz.8	2018-05-08	2022-05-01
KallaiMaria	member	parliamentaryGroup.Fidesz.9	2022-05-02	
KalloGergely	member	parliamentaryGroup.JOBBIK.8	2020-03-09	2022-05-01
KalmanOlga	member	parliamentaryGroup.DK.9	2022-05-02	
KanaszNagyMate	member	parliamentaryGroup.LMP.9	2022-05-02	
KanaszNagyMate	deputyHead	parliamentaryGroup.LMP.9	2022-05-02	
KaraAkos	member	parliamentaryGroup.Fidesz.7	2014-05-06	2018-05-07
KaraAkos	deputyHead	parliamentaryGroup.Fidesz.7	2014-07-04	2015-11-01
KaraAkos	member	parliamentaryGroup.Fidesz.8	2018-05-08	2022-05-01
KaraAkos	member	parliamentaryGroup.Fidesz.9	2022-05-02	
KepliLajos	member	parliamentaryGroup.JOBBIK.7	2014-05-06	2018-05-07
KepliLajos	member	parliamentaryGroup.JOBBIK.8	2018-05-08	2019-06-25
KerenyiJanos	member	parliamentaryGroup.Fidesz.7	2014-05-06	2018-05-07
KerenyiJanos	member	parliamentaryGroup.Fidesz.8	2018-05-08	2022-05-01
KeresztesLaszloLorant	member	parliamentaryGroup.LMP.8	2018-05-08	2022-05-01
KeresztesLaszloLorant	member	parliamentaryGroup.LMP.9	2022-05-02	
KissLaszlo	member	parliamentaryGroup.MSZP.7	2014-05-06	2018-05-07
KocsisCakeOlivio	member	parliamentaryGroup.Parbeszed.8	2018-06-11	2022-05-01
KocsisCakeOlivio	deputyHead	parliamentaryGroup.Parbeszed.8	2020-03-19	2022-05-01
KocsisMate	member	parliamentaryGroup.Fidesz.8	2018-05-08	2022-05-01
KocsisMate	member	parliamentaryGroup.Fidesz.9	2022-05-02	
KocsisMate	head	parliamentaryGroup.Fidesz.9	2022-05-02	
KomaromiZoltan	member	parliamentaryGroup.DK.9	2022-05-02	
KomjathiImre	member	parliamentaryGroup.MSZP.9	2022-05-02	
KonczFerenc	member	parliamentaryGroup.Fidesz.8	2018-05-08	2020-07-10
KonczZsofia	member	parliamentaryGroup.Fidesz.8	2020-11-02	2022-05-01
KonczZsofia	member	parliamentaryGroup.Fidesz.9	2022-05-02	
KontratKaroly	member	parliamentaryGroup.Fidesz.7	2014-05-06	2018-05-07
KontratKaroly	member	parliamentaryGroup.Fidesz.8	2018-05-08	2022-05-01
KontratKaroly	member	parliamentaryGroup.Fidesz.9	2022-05-02	
KordasLaszlo	member	parliamentaryGroup.DK.9	2022-05-02	
KorozsLajos	member	parliamentaryGroup.MSZP.7	2014-05-06	2018-05-07
KorozsLajos	member	parliamentaryGroup.MSZP.8	2018-05-08	2019-06-25
KosaLajos	member	parliamentaryGroup.Fidesz.7	2014-05-06	2018-05-07
KosaLajos	deputyHead	parliamentaryGroup.Fidesz.7	2014-05-06	2015-09-30
KosaLajos	head	parliamentaryGroup.Fidesz.7	2015-10-01	2017-10-01
KosaLajos	member	parliamentaryGroup.Fidesz.8	2018-05-08	2022-05-01
KosaLajos	member	parliamentaryGroup.Fidesz.9	2022-05-02	
KosaLajos	deputyHead	parliamentaryGroup.Fidesz.9	2022-05-02	
KovacsJozsef	member	parliamentaryGroup.Fidesz.7	2014-05-06	2018-05-07
KovacsJozsef	deputyHead	parliamentaryGroup.Fidesz.7	2014-07-04	2015-11-01
KovacsJozsef	member	parliamentaryGroup.Fidesz.8	2018-05-08	2022-05-01
KovacsJozsef	member	parliamentaryGroup.Fidesz.9	2022-05-02	
KovacsSandor	member	parliamentaryGroup.Fidesz.7	2014-05-06	2018-05-07
KovacsSandor	member	parliamentaryGroup.Fidesz.8	2018-05-08	2022-05-01
KovacsSandor	member	parliamentaryGroup.Fidesz.9	2022-05-02	
KovacsZoltan	member	parliamentaryGroup.Fidesz.7	2014-05-06	2018-05-07
KovacsZoltan	deputyHead	parliamentaryGroup.Fidesz.7	2014-05-06	2015-11-01
KovacsZoltan	member	parliamentaryGroup.Fidesz.8	2018-05-08	2022-05-01
KovacsZoltan	member	parliamentaryGroup.Fidesz.9	2022-05-02	
KoverLaszlo	deputyHead	parliamentaryGroup.Fidesz.7	2014-05-06	2015-11-01
KoverLaszlo	member	parliamentaryGroup.Fidesz.7	2014-05-06	2015-11-01
KubatovGabor	deputyHead	parliamentaryGroup.Fidesz.8	2018-05-08	2022-05-01
KubatovGabor	member	parliamentaryGroup.Fidesz.8	2018-05-08	2022-05-01
KubatovGabor	deputyHead	parliamentaryGroup.Fidesz.9	2022-05-02	
KubatovGabor	member	parliamentaryGroup.Fidesz.9	2022-05-02	
KucsakLaszlo	member	parliamentaryGroup.Fidesz.7	2014-05-06	2018-05-07
KulcsarGergely	member	parliamentaryGroup.JOBBIK.7	2014-05-06	2018-05-07
KunhalmiAgnes	member	parliamentaryGroup.MSZP.7	2014-05-06	2018-05-07
KunhalmiAgnes	member	parliamentaryGroup.MSZP.8	2018-05-08	2022-05-01
KunhalmiAgnes	member	parliamentaryGroup.MSZP.9	2022-05-02	
LangZsolt	member	parliamentaryGroup.Fidesz.9	2022-05-02	
LaszloImre	member	parliamentaryGroup.DK.8	2018-05-08	2019-10-29
LaszloTamas	member	parliamentaryGroup.Fidesz.7	2014-05-06	2018-05-07
LatorcaiJanos	member	parliamentaryGroup.KDNP.7	2014-05-06	2018-05-07
LatorcaiJanos	deputyHead	parliamentaryGroup.KDNP.7	2014-05-06	2018-05-07
LatorcaiJanos	member	parliamentaryGroup.KDNP.8	2018-05-08	2022-05-01
LatorcaiJanos	member	parliamentaryGroup.KDNP.9	2022-05-02	
LazarJanos	member	parliamentaryGroup.Fidesz.7	2014-05-06	2018-05-07
LazarJanos	member	parliamentaryGroup.Fidesz.8	2018-05-08	2022-05-01
LazarJanos	member	parliamentaryGroup.Fidesz.9	2022-05-02	
LegenyZsolt	member	parliamentaryGroup.MSZP.7	2014-05-06	2018-05-07
LegenyZsolt	deputyHead	parliamentaryGroup.MSZP.7	2014-05-06	2014-09-04
LezsakSandor	member	parliamentaryGroup.Fidesz.7	2014-05-06	2018-05-07
LezsakSandor	deputyHead	parliamentaryGroup.Fidesz.7	2014-07-04	2015-11-01
LezsakSandor	member	parliamentaryGroup.Fidesz.8	2018-05-08	2022-05-01
LezsakSandor	member	parliamentaryGroup.Fidesz.9	2022-05-02	
LocseiLajos	member	parliamentaryGroup.Momentum.9	2022-05-02	
LSimonLaszlo	deputyHead	parliamentaryGroup.Fidesz.7	2014-05-06	2015-11-01
LSimonLaszlo	member	parliamentaryGroup.Fidesz.7	2014-05-06	2018-05-07
LukacsLaszlo	head	parliamentaryGroup.JOBBIK.9	2022-05-02	
LukacsLaszloGyorgy	member	parliamentaryGroup.JOBBIK.7	2014-06-30	2018-05-07
LukacsLaszloGyorgy	deputyHead	parliamentaryGroup.JOBBIK.7	2015-10-12	2018-05-07
LukacsLaszloGyorgy	member	parliamentaryGroup.JOBBIK.8	2018-05-08	2022-05-01
LukacsLaszloGyorgy	deputyHead	parliamentaryGroup.JOBBIK.8	2018-05-08	2018-09-16
LukacsLaszloGyorgy	deputyHead	parliamentaryGroup.JOBBIK.8	2019-06-25	2020-02-16
LukacsLaszloGyorgy	member	parliamentaryGroup.JOBBIK.9	2022-05-02	
LukacsLaszloGyorgy	deputyHead	parliamentaryGroup.JOBBIK.9	2022-05-02	2022-07-15
LukacsLaszloGyorgy	head	parliamentaryGroup.JOBBIK.9	2022-07-15	
LukacsZoltan	member	parliamentaryGroup.MSZP.7	2014-05-06	2018-05-07
LukacsZoltan	deputyHead	parliamentaryGroup.MSZP.7	2014-05-06	2016-07-05
MagyarZoltan	member	parliamentaryGroup.JOBBIK.7	2014-05-06	2018-05-07
MagyarZoltan	member	parliamentaryGroup.JOBBIK.8	2018-05-08	2022-05-01
MagyarZoltan	deputyHead	parliamentaryGroup.JOBBIK.8	2020-06-05	2022-05-01
ManningerJeno	member	parliamentaryGroup.Fidesz.7	2014-05-06	2018-05-07
ManningerJeno	member	parliamentaryGroup.Fidesz.8	2018-05-08	2022-05-01
MatraiMarta	member	parliamentaryGroup.Fidesz.7	2014-05-06	2018-05-07
MatraiMarta	deputyHead	parliamentaryGroup.Fidesz.7	2014-05-06	2015-11-01
MatraiMarta	member	parliamentaryGroup.Fidesz.8	2018-05-08	2022-05-01
MatraiMarta	member	parliamentaryGroup.Fidesz.9	2022-05-02	
MellarTamas	member	parliamentaryGroup.Parbeszed.8	2018-05-20	2022-05-01
MellarTamas	member	parliamentaryGroup.Parbeszed.9	2022-05-02	
MenczerTamas	member	parliamentaryGroup.Fidesz.9	2022-05-02	
MengyiRoland	member	parliamentaryGroup.Fidesz.7	2014-05-06	2018-05-07
MengyiRoland	member	parliamentaryGroup.Fidesz.8	2018-05-08	2022-05-01
MesterhazyAttila	member	parliamentaryGroup.MSZP.7	2014-05-06	2018-05-07
MesterhazyAttila	head	parliamentaryGroup.MSZP.7	2014-05-06	2014-06-02
MesterhazyAttila	member	parliamentaryGroup.MSZP.8	2018-05-08	2022-05-01
MirkoczkiAdam	member	parliamentaryGroup.JOBBIK.7	2014-05-06	2018-05-07
MirkoczkiAdam	member	parliamentaryGroup.JOBBIK.8	2018-05-08	2019-10-25
MolnarAgnes	member	parliamentaryGroup.Fidesz.7	2014-05-06	2018-05-07
MolnarAgnes	member	parliamentaryGroup.Fidesz.8	2018-05-08	2022-05-01
MolnarAgnes	member	parliamentaryGroup.Fidesz.9	2022-05-02	
MolnarGyula	member	parliamentaryGroup.MSZP.8	2018-05-08	2022-05-01
MolnarZsolt	member	parliamentaryGroup.MSZP.7	2014-05-06	2018-05-07
MolnarZsolt	member	parliamentaryGroup.MSZP.8	2018-05-08	2022-05-01
MolnarZsolt	member	parliamentaryGroup.MSZP.9	2022-05-02	
MoringJozsefAttila	deputyHead	parliamentaryGroup.KDNP.8	2018-05-08	2022-05-01
MoringJozsefAttila	member	parliamentaryGroup.KDNP.7	2014-05-06	2018-05-07
MoringJozsefAttila	member	parliamentaryGroup.KDNP.8	2018-05-08	2022-05-01
MoringJozsefAttila	member	parliamentaryGroup.KDNP.9	2022-05-02	
NacsaLorinc	member	parliamentaryGroup.KDNP.8	2018-05-08	2022-05-01
NacsaLorinc	member	parliamentaryGroup.KDNP.9	2022-05-02	
NacsaLorinc	deputyHead	parliamentaryGroup.KDNP.9	2022-05-02	
NagyCsaba	member	parliamentaryGroup.Fidesz.8	2018-05-08	2022-05-01
NagyCsaba	member	parliamentaryGroup.Fidesz.9	2022-05-02	
NavracsicsTibor	member	parliamentaryGroup.Fidesz.7	2014-05-06	2014-10-30
NavracsicsTibor	member	parliamentaryGroup.Fidesz.9	2022-05-02	
NemethSzilard	member	parliamentaryGroup.Fidesz.7	2014-05-06	2018-05-07
NemethSzilard	deputyHead	parliamentaryGroup.Fidesz.7	2014-07-04	2018-05-07
NemethSzilard	member	parliamentaryGroup.Fidesz.8	2018-05-08	2022-05-01
NemethSzilard	member	parliamentaryGroup.Fidesz.9	2022-05-02	
NemethSzilard	deputyHead	parliamentaryGroup.Fidesz.9	2022-05-02	
NemethZsolt	member	parliamentaryGroup.Fidesz.7	2014-05-06	2018-05-07
NemethZsolt	deputyHead	parliamentaryGroup.Fidesz.7	2014-07-04	2018-05-07
NemethZsolt	member	parliamentaryGroup.Fidesz.8	2018-05-08	2022-05-01
NemethZsolt	deputyHead	parliamentaryGroup.Fidesz.8	2018-05-08	2022-05-01
NemethZsolt	member	parliamentaryGroup.Fidesz.9	2022-05-02	
NemethZsolt	deputyHead	parliamentaryGroup.Fidesz.9	2022-05-02	
NovakElod	member	parliamentaryGroup.JOBBIK.7	2014-05-06	2016-08-31
NovakElod	member	parliamentaryGroup.MiHazank.9	2022-05-02	
NovakElod	deputyHead	parliamentaryGroup.MiHazank.9	2022-05-02	
NunkovicsTibor	member	parliamentaryGroup.JOBBIK.8	2019-07-08	2022-05-01
NyitraiZsolt	member	parliamentaryGroup.Fidesz.7	2014-05-06	2018-05-07
NyitraiZsolt	member	parliamentaryGroup.Fidesz.8	2018-05-08	2022-05-01
NyitraiZsolt	member	parliamentaryGroup.Fidesz.9	2022-05-02	
OlahLajos	member	parliamentaryGroup.DK.8	2018-05-08	2022-05-01
OlahLajos	member	parliamentaryGroup.DK.9	2022-05-02	
OrbanBalazs	member	parliamentaryGroup.Fidesz.9	2022-05-02	
OrbanViktor	member	parliamentaryGroup.Fidesz.7	2014-05-06	2018-05-07
OrbanViktor	member	parliamentaryGroup.Fidesz.8	2018-05-08	2022-05-01
OrbanViktor	member	parliamentaryGroup.Fidesz.9	2022-05-02	
OroszAnna	member	parliamentaryGroup.Momentum.9	2022-05-02	
OvadiPeter	member	parliamentaryGroup.Fidesz.8	2018-05-08	2022-05-01
OvadiPeter	member	parliamentaryGroup.Fidesz.9	2022-05-02	
PajtokGabor	member	parliamentaryGroup.Fidesz.9	2022-05-02	
PanczelKaroly	member	parliamentaryGroup.Fidesz.7	2014-05-06	2018-05-07
PanczelKaroly	deputyHead	parliamentaryGroup.Fidesz.7	2014-07-04	2015-11-01
PanczelKaroly	member	parliamentaryGroup.Fidesz.8	2018-05-08	2022-05-01
PanczelKaroly	member	parliamentaryGroup.Fidesz.9	2022-05-02	
PapcsakFerenc	member	parliamentaryGroup.Fidesz.7	2014-05-06	2015-08-05
PapcsakFerenc	deputyHead	parliamentaryGroup.Fidesz.7	2014-07-04	2015-08-05
PestiImre	member	parliamentaryGroup.Fidesz.7	2014-05-06	2018-05-07
PestiImre	member	parliamentaryGroup.Fidesz.8	2018-05-08	2022-05-01
PestiImre	member	parliamentaryGroup.Fidesz.9	2022-05-02	
PetnehazyAttila	member	parliamentaryGroup.Fidesz.7	2014-05-06	2018-05-07
PinterTamas	member	parliamentaryGroup.JOBBIK.7	2016-09-12	2018-05-07
PinterTamas	member	parliamentaryGroup.JOBBIK.8	2018-05-08	2019-10-28
PocsJanos	member	parliamentaryGroup.Fidesz.7	2014-05-06	2018-05-07
PocsJanos	member	parliamentaryGroup.Fidesz.8	2018-05-08	2022-05-01
PocsJanos	member	parliamentaryGroup.Fidesz.9	2022-05-02	
PogacsasTibor	member	parliamentaryGroup.Fidesz.7	2014-05-06	2018-05-07
PogacsasTibor	member	parliamentaryGroup.Fidesz.8	2018-05-08	2022-05-01
PogacsasTibor	member	parliamentaryGroup.Fidesz.9	2022-05-02	
PosanLaszlo	member	parliamentaryGroup.Fidesz.7	2014-05-06	2018-05-07
PosanLaszlo	member	parliamentaryGroup.Fidesz.8	2018-05-08	2022-05-01
PosanLaszlo	member	parliamentaryGroup.Fidesz.9	2022-05-02	
PotocskaneKorosiAnita	member	parliamentaryGroup.JOBBIK.8	2018-05-08	2022-05-01
RepassyRobert	member	parliamentaryGroup.Fidesz.7	2014-05-06	2018-05-07
RepassyRobert	deputyHead	parliamentaryGroup.Fidesz.7	2014-07-04	2015-11-01
RetvariBence	member	parliamentaryGroup.KDNP.7	2014-05-06	2018-05-07
RetvariBence	member	parliamentaryGroup.KDNP.8	2018-05-08	2022-05-01
RetvariBence	member	parliamentaryGroup.KDNP.9	2022-05-02	
ReveszMariusz	member	parliamentaryGroup.Fidesz.8	2018-05-08	2022-05-01
ReveszMariusz	member	parliamentaryGroup.Fidesz.9	2022-05-02	
RigLajos	member	parliamentaryGroup.JOBBIK.7	2015-05-11	2018-05-07
RigLajos	member	parliamentaryGroup.JOBBIK.8	2018-05-08	2022-05-01
RizGabor	member	parliamentaryGroup.Fidesz.7	2014-05-06	2018-05-07
RizGabor	member	parliamentaryGroup.Fidesz.8	2018-05-08	2022-05-01
RizGabor	member	parliamentaryGroup.Fidesz.9	2022-05-02	
RoganAntal	member	parliamentaryGroup.Fidesz.7	2014-05-06	2018-05-07
RoganAntal	head	parliamentaryGroup.Fidesz.7	2014-05-06	2015-09-30
RoganAntal	member	parliamentaryGroup.Fidesz.8	2018-05-08	2022-05-01
RoganAntal	member	parliamentaryGroup.Fidesz.9	2022-05-02	
RubovszkyGyorgy	member	parliamentaryGroup.KDNP.7	2014-05-06	2017-06-21
RubovszkyGyorgy	deputyHead	parliamentaryGroup.KDNP.7	2014-05-06	2017-06-21
SalaczLaszlo	member	parliamentaryGroup.Fidesz.7	2014-05-06	2018-05-07
SalaczLaszlo	member	parliamentaryGroup.Fidesz.8	2018-05-08	2022-05-01
SalaczLaszlo	member	parliamentaryGroup.Fidesz.9	2022-05-02	
SallaiRBenedek	member	parliamentaryGroup.LMP.7	2014-05-06	2018-05-07
SasZoltan	member	parliamentaryGroup.JOBBIK.9	2022-05-02	
SasZoltan	deputyHead	parliamentaryGroup.JOBBIK.9	2022-05-02	
SchifferAndras	member	parliamentaryGroup.LMP.7	2014-05-06	2016-09-05
SchifferAndras	head	parliamentaryGroup.LMP.7	2014-05-06	2016-09-05
SchmuckErzsebet	member	parliamentaryGroup.LMP.7	2014-05-06	2018-05-07
SchmuckErzsebet	deputyHead	parliamentaryGroup.LMP.7	2015-10-19	2016-09-05
SchmuckErzsebet	head	parliamentaryGroup.LMP.7	2016-09-06	2017-02-15
SchmuckErzsebet	deputyHead	parliamentaryGroup.LMP.7	2017-02-16	2018-05-07
SchmuckErzsebet	member	parliamentaryGroup.LMP.8	2018-05-08	2022-05-01
SchmuckErzsebet	deputyHead	parliamentaryGroup.LMP.8	2018-05-08	2022-05-01
SebianPetrovszkiLaszlo	member	parliamentaryGroup.DK.8	2019-12-02	2022-05-01
SebianPetrovszkiLaszlo	member	parliamentaryGroup.DK.9	2022-05-02	
SebokEva	member	parliamentaryGroup.Momentum.9	2022-05-02	
SelmecziGabriella	member	parliamentaryGroup.Fidesz.7	2014-05-06	2018-05-07
SelmecziGabriella	deputyHead	parliamentaryGroup.Fidesz.7	2014-07-04	2015-11-01
SelmecziGabriella	member	parliamentaryGroup.Fidesz.8	2018-05-08	2022-05-01
SelmecziGabriella	deputyHead	parliamentaryGroup.Fidesz.8	2018-05-08	2022-05-01
SelmecziGabriella	member	parliamentaryGroup.Fidesz.9	2022-05-02	
SelmecziGabriella	deputyHead	parliamentaryGroup.Fidesz.9	2022-05-02	
SemjenZsolt	member	parliamentaryGroup.KDNP.7	2014-05-06	2018-05-07
SemjenZsolt	member	parliamentaryGroup.KDNP.8	2018-05-08	2022-05-01
SemjenZsolt	member	parliamentaryGroup.KDNP.9	2022-05-02	
SesztakMiklos	member	parliamentaryGroup.KDNP.7	2014-05-06	2018-05-07
SesztakMiklos	member	parliamentaryGroup.KDNP.8	2018-05-08	2022-05-01
SesztakMiklos	member	parliamentaryGroup.KDNP.9	2022-05-02	
SimicskoIstvan	member	parliamentaryGroup.KDNP.7	2014-05-06	2018-05-07
SimicskoIstvan	member	parliamentaryGroup.KDNP.8	2018-05-08	2022-05-01
SimicskoIstvan	head	parliamentaryGroup.KDNP.8	2020-07-15	2022-05-01
SimicskoIstvan	member	parliamentaryGroup.KDNP.9	2022-05-02	
SimicskoIstvan	head	parliamentaryGroup.KDNP.9	2022-05-02	
SimonkaGyorgy	deputyHead	parliamentaryGroup.Fidesz.7	2014-05-06	2014-07-03
SimonMiklos	member	parliamentaryGroup.Fidesz.7	2014-05-06	2018-05-07
SimonMiklos	member	parliamentaryGroup.Fidesz.8	2018-05-08	2022-05-01
SimonMiklos	member	parliamentaryGroup.Fidesz.9	2022-05-02	
SimonRobertBalazs	member	parliamentaryGroup.Fidesz.7	2014-05-06	2018-05-07
SimonRobertBalazs	member	parliamentaryGroup.Fidesz.8	2018-05-08	2022-05-01
SneiderTamas	member	parliamentaryGroup.JOBBIK.7	2014-05-06	2018-05-07
SneiderTamas	deputyHead	parliamentaryGroup.JOBBIK.7	2014-05-06	2015-10-11
SneiderTamas	member	parliamentaryGroup.JOBBIK.8	2018-05-08	2020-05-27
StaudtGabor	member	parliamentaryGroup.JOBBIK.7	2014-05-06	2018-05-07
StaudtGabor	deputyHead	parliamentaryGroup.JOBBIK.7	2015-10-12	2018-05-07
StaudtGabor	member	parliamentaryGroup.JOBBIK.8	2018-05-08	2019-01-31
StaudtGabor	deputyHead	parliamentaryGroup.JOBBIK.8	2018-09-17	2019-01-31
SteinmetzAdam	member	parliamentaryGroup.JOBBIK.8	2018-05-08	2022-05-01
StummerJanos	member	parliamentaryGroup.JOBBIK.8	2018-05-08	2022-05-01
SzabadiIstvan	member	parliamentaryGroup.MiHazank.9	2022-05-02	
SzabolcsAttila	member	parliamentaryGroup.Fidesz.7	2014-05-06	2018-05-07
SzaboRebeka	member	parliamentaryGroup.Parbeszed.9	2022-05-02	
SzaboSandor	member	parliamentaryGroup.MSZP.7	2014-05-06	2018-05-07
SzaboSandor	member	parliamentaryGroup.MSZP.8	2018-05-08	2022-05-01
SzaboSandor	member	parliamentaryGroup.MSZP.9	2022-05-02	
SzaboSzabolcs	member	parliamentaryGroup.LMP.8	2018-05-08	2018-10-02
SzaboSzabolcs	member	parliamentaryGroup.Momentum.9	2022-05-02	
SzaboTimea	member	parliamentaryGroup.Parbeszed.8	2018-05-08	2022-05-01
SzaboTimea	head	parliamentaryGroup.Parbeszed.8	2018-05-08	2022-05-01
SzaboTimea	member	parliamentaryGroup.Parbeszed.9	2022-05-02	
SzaboTimea	deputyHead	parliamentaryGroup.Parbeszed.9	2022-05-02	
SzaboTunde	member	parliamentaryGroup.Fidesz.8	2018-05-08	2022-05-01
SzaboTunde	member	parliamentaryGroup.Fidesz.9	2022-05-02	
SzaboZsolt	member	parliamentaryGroup.Fidesz.7	2014-05-06	2018-05-07
SzaboZsolt	member	parliamentaryGroup.Fidesz.8	2018-05-08	2022-05-01
SzaboZsolt	member	parliamentaryGroup.Fidesz.9	2022-05-02	
SzakacsLaszlo	member	parliamentaryGroup.MSZP.7	2014-05-06	2018-05-07
SzakacsLaszlo	deputyHead	parliamentaryGroup.MSZP.7	2016-07-06	2018-05-07
SzakacsLaszlo	member	parliamentaryGroup.MSZP.8	2019-12-02	2022-05-01
SzaszfalviLaszlo	member	parliamentaryGroup.KDNP.7	2014-05-06	2018-05-07
SzaszfalviLaszlo	deputyHead	parliamentaryGroup.KDNP.7	2014-06-15	2018-05-07
SzaszfalviLaszlo	member	parliamentaryGroup.KDNP.8	2018-05-08	2022-05-01
SzaszfalviLaszlo	deputyHead	parliamentaryGroup.KDNP.8	2018-05-08	2022-05-01
SzaszfalviLaszlo	member	parliamentaryGroup.KDNP.9	2022-05-02	
SzaszfalviLaszlo	deputyHead	parliamentaryGroup.KDNP.9	2022-05-02	
SzatmaryKristof	member	parliamentaryGroup.Fidesz.7	2014-05-06	2018-05-07
SzatmaryKristof	deputyHead	parliamentaryGroup.Fidesz.7	2014-07-04	2015-11-01
SzatmaryKristof	member	parliamentaryGroup.Fidesz.8	2018-05-08	2022-05-01
SzatmaryKristof	member	parliamentaryGroup.Fidesz.9	2022-05-02	
SzavayIstan	deputyHead	parliamentaryGroup.JOBBIK.8	2018-05-08	2018-12-09
SzavayIstvan	member	parliamentaryGroup.JOBBIK.7	2014-05-06	2018-05-07
SzavayIstvan	member	parliamentaryGroup.JOBBIK.8	2018-05-08	2019-01-31
SzekelySandor	member	parliamentaryGroup.DK.8	2018-05-08	2018-12-21
SzelBernadett	member	parliamentaryGroup.LMP.7	2014-05-06	2018-05-07
SzelBernadett	deputyHead	parliamentaryGroup.LMP.7	2014-05-06	2015-10-18
SzelBernadett	deputyHead	parliamentaryGroup.LMP.7	2016-10-11	2017-02-15
SzelBernadett	head	parliamentaryGroup.LMP.7	2017-02-16	2018-05-07
SzelBernadett	member	parliamentaryGroup.LMP.8	2018-05-08	2018-10-02
SzelBernadett	head	parliamentaryGroup.LMP.8	2018-05-08	2018-09-15
SzijjartoPeter	member	parliamentaryGroup.Fidesz.7	2014-05-06	2018-05-07
SzijjartoPeter	member	parliamentaryGroup.Fidesz.8	2018-05-08	2022-05-01
SzijjartoPeter	member	parliamentaryGroup.Fidesz.9	2022-05-02	
SzilagyiGyorgy	member	parliamentaryGroup.JOBBIK.7	2014-05-06	2018-05-07
SzilagyiGyorgy	member	parliamentaryGroup.JOBBIK.8	2018-05-08	2022-05-01
SzilagyiGyorgy	deputyHead	parliamentaryGroup.JOBBIK.8	2018-05-08	2022-05-01
SztojkaAttila	member	parliamentaryGroup.Fidesz.9	2022-05-02	
SzucsLajos	member	parliamentaryGroup.Fidesz.7	2014-05-06	2018-05-07
SzucsLajos	deputyHead	parliamentaryGroup.Fidesz.7	2014-07-04	2015-11-01
SzucsLajos	member	parliamentaryGroup.Fidesz.8	2018-05-08	2022-05-01
SzucsLajos	member	parliamentaryGroup.Fidesz.9	2022-05-02	
TapolczaiGergely	member	parliamentaryGroup.Fidesz.7	2014-05-06	2018-05-07
TapolczaiGergely	member	parliamentaryGroup.Fidesz.8	2018-05-08	2022-05-01
TapolczaiGergely	member	parliamentaryGroup.Fidesz.9	2022-05-02	
TasoLaszlo	deputyHead	parliamentaryGroup.Fidesz.7	2014-05-06	2014-07-03
TasoLaszlo	member	parliamentaryGroup.Fidesz.7	2014-05-06	2018-05-07
TasoLaszlo	member	parliamentaryGroup.Fidesz.8	2018-05-08	2022-05-01
TasoLaszlo	member	parliamentaryGroup.Fidesz.9	2022-05-02	
TelekiLaszlo	member	parliamentaryGroup.MSZP.7	2014-05-06	2018-05-07
TesselyZoltan	member	parliamentaryGroup.Fidesz.7	2014-05-06	2018-05-07
TesselyZoltan	member	parliamentaryGroup.Fidesz.8	2018-05-08	2022-05-01
TesselyZoltan	member	parliamentaryGroup.Fidesz.9	2022-05-02	
TibaIstvan	member	parliamentaryGroup.Fidesz.7	2014-05-06	2018-05-07
TibaIstvan	deputyHead	parliamentaryGroup.Fidesz.7	2014-05-06	2014-07-03
TibaIstvan	member	parliamentaryGroup.Fidesz.8	2018-05-08	2022-05-01
TibaIstvan	member	parliamentaryGroup.Fidesz.9	2022-05-02	
TiffanZsolt	member	parliamentaryGroup.Fidesz.7	2014-05-06	2018-05-07
TilkiAttila	member	parliamentaryGroup.Fidesz.7	2014-05-06	2018-05-07
TilkiAttila	member	parliamentaryGroup.Fidesz.8	2018-05-08	2022-05-01
TilkiAttila	member	parliamentaryGroup.Fidesz.9	2022-05-02	
TobiasJozsef	member	parliamentaryGroup.MSZP.7	2014-05-06	2018-05-07
TobiasJozsef	deputyHead	parliamentaryGroup.MSZP.7	2014-05-06	2014-09-04
TobiasJozsef	head	parliamentaryGroup.MSZP.7	2014-09-05	2016-07-05
TobiasJozsef	member	parliamentaryGroup.MSZP.8	2018-05-08	2022-05-01
TomposMartonKristof	member	parliamentaryGroup.Momentum.9	2022-05-02	
TomposMartonKristof	deputyHead	parliamentaryGroup.Momentum.9	2022-05-02	
TordaiBence	member	parliamentaryGroup.Parbeszed.8	2018-05-08	2022-05-01
TordaiBence	deputyHead	parliamentaryGroup.Parbeszed.8	2018-05-08	2022-05-01
TordaiBence	member	parliamentaryGroup.Parbeszed.9	2022-05-02	
TordaiBence	head	parliamentaryGroup.Parbeszed.9	2022-05-02	
ToroczkaiLaszlo	member	parliamentaryGroup.MiHazank.9	2022-05-02	
ToroczkaiLaszlo	head	parliamentaryGroup.MiHazank.9	2022-05-02	
ToroGabor	member	parliamentaryGroup.Fidesz.7	2014-05-06	2018-05-07
ToroGabor	member	parliamentaryGroup.Fidesz.8	2018-05-08	2022-05-01
ToroGabor	member	parliamentaryGroup.Fidesz.9	2022-05-02	
TothBertalan	member	parliamentaryGroup.MSZP.7	2014-05-06	2018-05-07
TothBertalan	deputyHead	parliamentaryGroup.MSZP.7	2014-05-06	2016-07-05
TothBertalan	head	parliamentaryGroup.MSZP.7	2016-07-06	2018-05-07
TothBertalan	member	parliamentaryGroup.MSZP.8	2018-05-08	2022-05-01
TothBertalan	head	parliamentaryGroup.MSZP.8	2018-05-08	2022-05-01
TothBertalan	member	parliamentaryGroup.MSZP.9	2022-05-02	
TothBertalan	head	parliamentaryGroup.MSZP.9	2022-05-02	
TothCsaba	member	parliamentaryGroup.MSZP.7	2014-05-06	2018-05-07
TothCsaba	deputyHead	parliamentaryGroup.MSZP.7	2014-09-05	2018-05-07
TothCsaba	member	parliamentaryGroup.MSZP.8	2018-05-08	2022-05-01
TothCsaba	deputyHead	parliamentaryGroup.MSZP.8	2018-05-08	2022-05-01
TothEndre	member	parliamentaryGroup.Momentum.9	2022-05-02	
TukacsIstvan	member	parliamentaryGroup.MSZP.7	2014-05-06	2018-05-07
TuriKovacsBela	member	parliamentaryGroup.Fidesz.7	2014-05-06	2018-05-07
TuriKovacsBela	deputyHead	parliamentaryGroup.Fidesz.7	2014-07-04	2015-11-01
TuriKovacsBela	member	parliamentaryGroup.Fidesz.8	2018-05-08	2022-05-01
TuriKovacsBela	member	parliamentaryGroup.Fidesz.9	2022-05-02	
TuzsonBence	member	parliamentaryGroup.Fidesz.7	2014-05-06	2018-05-07
TuzsonBence	member	parliamentaryGroup.Fidesz.8	2018-05-08	2022-05-01
TuzsonBence	member	parliamentaryGroup.Fidesz.9	2022-05-02	
UngarPeter	member	parliamentaryGroup.LMP.8	2018-05-08	2022-05-01
UngarPeter	member	parliamentaryGroup.LMP.9	2022-05-02	
UngarPeter	head	parliamentaryGroup.LMP.9	2022-05-02	
VadaiAgnes	member	parliamentaryGroup.DK.8	2018-05-08	2022-05-01
VadaiAgnes	deputyHead	parliamentaryGroup.DK.8	2018-05-08	2022-05-01
VadaiAgnes	member	parliamentaryGroup.DK.9	2022-05-02	
VadaiAgnes	deputyHead	parliamentaryGroup.DK.9	2022-05-02	
VagoSebestyen	member	parliamentaryGroup.JOBBIK.7	2014-05-06	2018-05-07
VajdaZoltan	member	parliamentaryGroup.MSZP.9	2022-05-02	
VantaraGyula	member	parliamentaryGroup.Fidesz.7	2014-05-06	2018-05-07
VargaDammAndrea	member	parliamentaryGroup.JOBBIK.8	2018-05-08	2020-05-27
VargaFerenc	member	parliamentaryGroup.JOBBIK.9	2022-05-02	
VargaGabor	member	parliamentaryGroup.Fidesz.7	2014-05-06	2018-05-07
VargaGabor	deputyHead	parliamentaryGroup.Fidesz.7	2014-05-06	2014-07-03
VargaGabor	member	parliamentaryGroup.Fidesz.8	2018-05-08	2022-05-01
VargaGabor	member	parliamentaryGroup.Fidesz.9	2022-05-02	
VargaJozsef	member	parliamentaryGroup.Fidesz.7	2014-05-06	2018-05-07
VargaJozsef	deputyHead	parliamentaryGroup.Fidesz.7	2014-05-06	2014-07-03
VargaLaszlo	member	parliamentaryGroup.MSZP.7	2014-05-06	2018-05-07
VargaLaszlo	deputyHead	parliamentaryGroup.MSZP.7	2016-07-06	2018-05-07
VargaLaszlo	member	parliamentaryGroup.MSZP.8	2018-05-08	2022-05-01
VargaMihaly	member	parliamentaryGroup.Fidesz.7	2014-05-06	2018-05-07
VargaMihaly	member	parliamentaryGroup.Fidesz.8	2018-05-08	2022-05-01
VargaMihaly	member	parliamentaryGroup.Fidesz.9	2022-05-02	
VarjuLaszlo	member	parliamentaryGroup.DK.8	2018-05-08	2022-05-01	
VarjuLaszlo	member	parliamentaryGroup.DK.9	2022-05-02	
VarjuLaszlo	deputyHead	parliamentaryGroup.DK.9	2022-05-02	
VasImre	member	parliamentaryGroup.Fidesz.7	2014-05-06	2018-05-07
VecseyLaszlo	member	parliamentaryGroup.Fidesz.7	2014-05-06	2018-05-07
VecseyLaszlo	member	parliamentaryGroup.Fidesz.8	2018-05-08	2022-05-01
VecseyLaszlo	member	parliamentaryGroup.Fidesz.9	2022-05-02	
VejkeyImre	member	parliamentaryGroup.KDNP.7	2014-05-06	2018-05-07
VejkeyImre	deputyHead	parliamentaryGroup.KDNP.7	2014-05-06	2018-05-07
VejkeyImre	member	parliamentaryGroup.KDNP.8	2018-05-08	2022-05-01
VejkeyImre	deputyHead	parliamentaryGroup.KDNP.8	2018-05-08	2022-05-01
VejkeyImre	member	parliamentaryGroup.KDNP.9	2022-05-02	
VejkeyImre	deputyHead	parliamentaryGroup.KDNP.9	2022-05-02	
VelezArpad	member	parliamentaryGroup.MSZP.7	2014-05-06	2018-05-07
VelezArpad	deputyHead	parliamentaryGroup.MSZP.7	2016-07-06	2018-05-07
VighLaszlo	member	parliamentaryGroup.Fidesz.7	2014-05-06	2018-05-07
VighLaszlo	deputyHead	parliamentaryGroup.Fidesz.7	2014-05-06	2014-07-03
VighLaszlo	member	parliamentaryGroup.Fidesz.8	2018-05-08	2022-05-01
VighLaszlo	member	parliamentaryGroup.Fidesz.9	2022-05-02	
VinnaiGyozo	member	parliamentaryGroup.Fidesz.7	2014-05-06	2018-05-07
VinnaiGyozo	member	parliamentaryGroup.Fidesz.8	2018-05-08	2022-05-01
VinnaiGyozo	member	parliamentaryGroup.Fidesz.9	2022-05-02	
VitalyosEszter	deputyHead	parliamentaryGroup.Fidesz.9	2022-05-02	2022-06-20
VitalyosEszter	member	parliamentaryGroup.Fidesz.8	2021-09-20	2022-05-01
VitalyosEszter	member	parliamentaryGroup.Fidesz.9	2022-05-02	
VitanyiIstvan	member	parliamentaryGroup.Fidesz.7	2014-05-06	2018-05-07
VitanyiIstvan	member	parliamentaryGroup.Fidesz.8	2018-05-08	2022-05-01
VitanyiIstvan	member	parliamentaryGroup.Fidesz.9	2022-05-02	
VNemethZsolt	member	parliamentaryGroup.Fidesz.7	2014-05-06	2018-05-07
VNemethZsolt	member	parliamentaryGroup.Fidesz.8	2018-05-08	2022-05-01
VNemethZsolt	member	parliamentaryGroup.Fidesz.9	2022-05-02	
VolnerJanos	member	parliamentaryGroup.JOBBIK.7	2014-05-06	2018-05-07
VolnerJanos	deputyHead	parliamentaryGroup.JOBBIK.7	2014-05-06	2015-10-11
VolnerJanos	head	parliamentaryGroup.JOBBIK.7	2016-09-12	2018-05-07
VolnerJanos	deputyHead	parliamentaryGroup.JOBBIK.8	2018-05-08	2018-10-15
VolnerJanos	member	parliamentaryGroup.JOBBIK.8	2018-05-08	2018-10-15
VolnerPal	member	parliamentaryGroup.Fidesz.7	2014-05-06	2018-05-07
VolnerPal	member	parliamentaryGroup.Fidesz.8	2018-05-08	2022-05-01
VonaGabor	member	parliamentaryGroup.JOBBIK.7	2014-05-06	2018-05-07
VonaGabor	head	parliamentaryGroup.JOBBIK.7	2014-05-06	2016-09-11
VonaGabor	deputyHead	parliamentaryGroup.JOBBIK.7	2016-09-12	2018-05-07
WitzmannMihaly	member	parliamentaryGroup.Fidesz.7	2014-05-06	2018-05-07
WitzmannMihaly	member	parliamentaryGroup.Fidesz.8	2018-05-08	2022-05-01
WitzmannMihaly	member	parliamentaryGroup.Fidesz.9	2022-05-02	
ZKarpatDaniel	member	parliamentaryGroup.JOBBIK.7	2014-05-06	2018-05-07
ZKarpatDaniel	deputyHead	parliamentaryGroup.JOBBIK.7	2014-05-06	2015-10-11
ZKarpatDaniel	member	parliamentaryGroup.JOBBIK.8	2018-05-08	2022-05-01
ZKarpatDaniel	member	parliamentaryGroup.JOBBIK.9	2022-05-02	
ZsigmondBarnaPal	member	parliamentaryGroup.Fidesz.8	2018-05-08	2022-05-01
ZsigmondBarnaPal	member	parliamentaryGroup.Fidesz.9	2022-05-02	
ZsigoRobert	member	parliamentaryGroup.Fidesz.7	2014-05-06	2018-05-07
ZsigoRobert	deputyHead	parliamentaryGroup.Fidesz.7	2014-05-06	2014-07-03
ZsigoRobert	member	parliamentaryGroup.Fidesz.8	2018-05-08	2022-05-01
ZsigoRobert	member	parliamentaryGroup.Fidesz.9	2022-05-02	
ZsigoRobert	deputyHead	parliamentaryGroup.Fidesz.9	2022-06-21	